source,tier,tps,watts,jpt
"Session 1
(no adapters)",4bit,67.47496046389035,90.44151738672286,1.3399
"Session 1
(no adapters)",8bit,26.86535867555107,80.94285917621377,3.02005
"Session 1
(no adapters)",16bit,11.454651237752708,84.51885516925694,7.38405
Run 4,4bit,57.45642349903164,87.31249999999999,1.5189
Run 4,8bit,29.371271225332723,82.57176141658901,2.8243
Run 4,16bit,6.186563557274045,80.69029337611735,12.973
Run 5,4bit,56.36283575517393,95.57842287694974,1.71
Run 5,8bit,29.038112522686024,90.5772549019608,3.1207
Run 5,16bit,80.7061790668348,135.84341183959262,1.6874
